symbol,name
AAL,American Airlines Group Inc. Common Stock
AAM,AA Mission Acquisition Corp. Class A Ordinary Shares
AAP,Advance Auto Parts Inc.
AAT,American Assets Trust Inc. Common Stock
ABG,Asbury Automotive Group Inc Common Stock
ABL,Abacus Global Management Inc. Class A Common Stock
ABM,ABM Industries Incorporated Common Stock
ABP,Abpro Holdings Inc Common Stock
ABR,Arbor Realty Trust Common Stock
ABT,Abbott Laboratories Common Stock
ACA,Arcosa Inc. Common Stock 
ACB,Aurora Cannabis Inc. Common Shares
ACI,Albertsons Companies Inc. Class A Common Stock
ACM,AECOM Common Stock
ACN,Accenture plc Class A Ordinary Shares (Ireland)
ACP,abrdn Income Credit Strategies Fund Common Shares
ACR,ACRES Commercial Realty Corp. Common Stock
ACT,Enact Holdings Inc. Common Stock
ACU,Acme United Corporation. Common Stock
ACV,Virtus Diversified Income & Convertible Fund Common Shares of Beneficial Interest
ADC,Agree Realty Corporation Common Stock
ADD,Color Star Technology Co. Ltd. Class A Ordinary Shares
ADI,Analog Devices Inc. Common Stock
ADM,Archer-Daniels-Midland Company Common Stock
ADN,Advent Technologies Holdings Inc. Class A Common Stock
ADP,Automatic Data Processing Inc. Common Stock
ADT,ADT Inc. Common Stock
ADV,Advantage Solutions Inc. Class A Common Stock
ADX,Adams Diversified Equity Fund Inc.
AEE,Ameren Corporation Common Stock
AEF,abrdn Emerging Markets ex-China Fund Inc. Common Stock
AEG,Aegon Ltd. New York Registry Shares
AEI,Alset Inc. Common Stock (TX)
AEM,Agnico Eagle Mines Limited Common Stock
AEO,American Eagle Outfitters Inc. Common Stock
AEP,American Electric Power Company Inc. Common Stock
AER,AerCap Holdings N.V. Ordinary Shares
AES,The AES Corporation Common Stock
AFB,AllianceBernstein National Municipal Income Fund Inc
AFG,American Financial Group Inc. Common Stock
AFL,AFLAC Incorporated Common Stock
AGD,abrdn Global Dynamic Dividend Fund Common Shares of Beneficial Interest
AGH,Aureus Greenway Holdings Inc. Common Stock
AGI,Alamos Gold Inc. Class A Common Shares
AGL,agilon health inc. Common Stock
AGM,Federal Agricultural Mortgage Corporation Common Stock
AGO,Assured Guaranty Ltd. Common Stock
AGS,PlayAGS Inc. Common Stock
AGX,Argan Inc. Common Stock
AHG,Akso Health Group ADS
AHH,Armada Hoffler Properties Inc. Common Stock
AHL,Aspen Insurance Holdings Limited Class A Ordinary Shares
AHR,American Healthcare REIT Inc. Common Stock
AHT,Ashford Hospitality Trust Inc Common Stock
AIG,American International Group Inc. New Common Stock
AII,American Integrity Insurance Group Inc. Common Stock
AIN,Albany International Corporation Common Stock
AIO,Virtus Artificial Intelligence & Technology Opportunities Fund Common Shares of Beneficial Interest
AIP,Arteris Inc. Common Stock
AIR,AAR Corp. Common Stock
AIT,Applied Industrial Technologies Inc. Common Stock
AIV,Apartment Investment and Management Company Common Stock
AIZ,Assurant Inc. Common Stock
AJG,Arthur J. Gallagher & Co. Common Stock
AKA,a.k.a. Brands Holding Corp. Common Stock
AKR,Acadia Realty Trust Common Stock
ALB,Albemarle Corporation Common Stock
ALC,Alcon Inc. Ordinary Shares
ALE,Allete Inc.
ALF,Centurion Acquisition Corp. Class A Ordinary Shares
ALG,Alamo Group Inc. Common Stock
ALK,Alaska Air Group Inc. Common Stock
ALL,Allstate Corporation (The) Common Stock
ALT,Altimmune Inc. Common Stock
ALV,Autoliv Inc. Common Stock
ALX,Alexander's Inc. Common Stock
AMC,AMC Entertainment Holdings Inc. Class A Common Stock
AMD,Advanced Micro Devices Inc. Common Stock
AME,AMETEK Inc.
AMG,Affiliated Managers Group Inc. Common Stock
AMH,American Homes 4 Rent Common Shares of Beneficial Interest
AMN,AMN Healthcare Services Inc
AMP,Ameriprise Financial Inc. Common Stock
AMR,Alpha Metallurgical Resources Inc. Common Stock
AMS,American Shared Hospital Services Common Stock
AMT,American Tower Corporation (REIT) Common Stock
AMX,America Movil S.A.B. de C.V. American Depositary Shares (each representing the right to receive twenty (20) Series B Shares
ANF,Abercrombie & Fitch Company Common Stock
ANL,Adlai Nortye Ltd. American Depositary Shares
ANY,Sphere 3D Corp. Common Shares
AOD,abrdn Total Dynamic Dividend Fund Common Shares of Beneficial Interest
AON,Aon plc Class A Ordinary Shares (Ireland)
AOS,A.O. Smith Corporation Common Stock
APA,APA Corporation Common Stock
APD,Air Products and Chemicals Inc. Common Stock
APG,APi Group Corporation Common Stock
APH,Amphenol Corporation Common Stock
API,Agora Inc. American Depositary Shares
APM,Aptorum Group Limited Class A Ordinary Shares
APO,Apollo Global Management Inc. (New) Common Stock
APP,Applovin Corporation Class A Common Stock
APT,Alpha Pro Tech Ltd. Common Stock
AQB,AquaBounty Technologies Inc. Common Stock
AQN,Algonquin Power & Utilities Corp. Common Shares
ARE,Alexandria Real Estate Equities Inc. Common Stock
ARI,Apollo Commercial Real Estate Finance Inc
ARL,American Realty Investors Inc. Common Stock
ARM,Arm Holdings plc American Depositary Shares
ARQ,Arq Inc. Common Stock
ARR,ARMOUR Residential REIT Inc.
ARW,Arrow Electronics Inc. Common Stock
ASA,ASA  Gold and Precious Metals Limited
ASB,Associated Banc-Corp Common Stock
ASC,Ardmore Shipping Corporation Common Stock
ASG,Liberty All-Star Growth Fund Inc.
ASH,Ashland Inc. Common Stock
ASM,Avino Silver & Gold Mines Ltd. Common Shares (Canada)
ASO,Academy Sports and Outdoors Inc. Common Stock
ASR,Grupo Aeroportuario del Sureste S.A. de C.V. Common Stock
ASX,ASE Technology Holding Co. Ltd. American Depositary Shares (each representing Two Common Shares) 
ATI,ATI Inc. Common Stock
ATO,Atmos Energy Corporation Common Stock
ATR,AptarGroup Inc. Common Stock
ATS,ATS Corporation Common Shares
AUB,Atlantic Union Bankshares Corporation Common Stock
AUR,Aurora Innovation Inc. Class A Common Stock
AVA,Avista Corporation Common Stock
AVB,AvalonBay Communities Inc. Common Stock
AVD,American Vanguard Corporation Common Stock ($0.10 Par Value)
AVK,Advent Convertible and Income Fund
AVO,Mission Produce Inc. Common Stock
AVR,Anteris Technologies Global Corp. Common Stock
AVT,Avnet Inc. Common Stock
AVY,Avery Dennison Corporation Common Stock
AWF,Alliancebernstein Global High Income Fund
AWI,Armstrong World Industries Inc Common Stock
AWK,American Water Works Company Inc. Common Stock
AWP,abrdn Global Premier Properties Fund Common Shares of Beneficial Interest
AWR,American States Water Company Common Stock
AWX,Avalon Holdings Corporation Common Stock
AXL,American Axle & Manufacturing Holdings Inc. Common Stock
AXP,American Express Company Common Stock
AXR,AMREP Corporation Common Stock
AXS,Axis Capital Holdings Limited Common Stock
AYI,Acuity Inc. Common Stock
AZI,Autozi Internet Technology (Global) Ltd. Class A Ordinary Shares
AZN,AstraZeneca PLC American Depositary Shares
AZO,AutoZone Inc. Common Stock
AZZ,AZZ Inc.
BAC,Bank of America Corporation Common Stock
BAH,Booz Allen Hamilton Holding Corporation Common Stock
BAK,Braskem SA ADR
BAM,Brookfield Asset Management Inc Class A Limited Voting Shares
BAP,Credicorp Ltd. Common Stock
BAX,Baxter International Inc. Common Stock
BBD,Banco Bradesco Sa American Depositary Shares
BBN,BlackRock Taxable Municipal Bond Trust Common Shares of Beneficial Interest
BBU,Brookfield Business Partners L.P. Limited Partnership Units 
BBW,Build-A-Bear Workshop Inc. Common Stock
BBY,Best Buy Co. Inc. Common Stock
BCC,Boise Cascade L.L.C. Common Stock
BCE,BCE Inc. Common Stock
BCG,Binah Capital Group Inc. Common Stock
BCH,Banco De Chile ADS
BCO,Brinks Company (The) Common Stock
BCS,Barclays PLC Common Stock
BCV,Bancroft Fund Ltd.
BCX,BlackRock Resources Common Shares of Beneficial Interest
BDC,Belden Inc Common Stock
BDJ,Blackrock Enhanced Equity Dividend Trust
BDL,Flanigan's Enterprises Inc. Common Stock
BDN,Brandywine Realty Trust Common Stock
BDX,Becton Dickinson and Company Common Stock
BEN,Franklin Resources Inc. Common Stock
BEP,Brookfield Renewable Partners L.P. Limited Partnership Units
BFC,Bank First Corporation Common Stock
BFH,Bread Financial Holdings Inc. Common Stock
BFK,BlackRock Municipal Income Trust
BFS,Saul Centers Inc. Common Stock
BFZ,BlackRock California Municipal Income Trust
BGB,Blackstone Strategic Credit 2027 Term Fund Common Shares of Beneficial Interest
BGC,BGC Group Inc. Class A Common Stock
BGH,Barings Global Short Duration High Yield Fund Common Shares of Beneficial Interests
BGI,Birks Group Inc. Common Stock
BGM,BGM Group Ltd. Class A Ordinary Shares
BGR,BlackRock Energy and Resources Trust
BGS,B&G Foods Inc. Common Stock
BGT,BlackRock Floating Rate Income Trust
BGX,Blackstone Long Short Credit Income Fund Common Shares
BGY,Blackrock Enhanced International Dividend Trust
BHB,Bar Harbor Bankshares Inc. Common Stock
BHC,Bausch Health Companies Inc. Common Stock
BHE,Benchmark Electronics Inc. Common Stock
BHF,Brighthouse Financial Inc. Common Stock
BHK,Blackrock Core Bond Trust
BHM,Bluerock Homes Trust Inc. Class A Common Stock
BHP,BHP Group Limited American Depositary Shares (Each representing two Ordinary Shares)
BHR,Braemar Hotels & Resorts Inc. Common Stock
BHV,BlackRock Virginia Municipal Bond Trust
BIO,Bio-Rad Laboratories Inc. Class A Common Stock
BIP,Brookfield Infrastructure Partners LP Limited Partnership Units
BIT,BlackRock Multi-Sector Income Trust Common Shares of Beneficial Interest
BKD,Brookdale Senior Living Inc. Common Stock
BKE,Buckle Inc. (The) Common Stock
BKH,Black Hills Corporation Common Stock
BKN,BlackRock Investment Quality Municipal Trust Inc. (The)
BKR,Baker Hughes Company Class A Common Stock
BKT,BlackRock Income Trust Inc. (The)
BKU,BankUnited Inc. Common Stock
BKV,BKV Corporation Common Stock
BLD,TopBuild Corp. Common Stock
BLE,BlackRock Municipal Income Trust II
BLK,BlackRock Inc. Common Stock
BLW,Blackrock Limited Duration Income Trust
BLX,Banco Latinoamericano de Comercio Exterior S.A.
BMA,Banco Macro S.A.  ADR (representing Ten Class B Common Shares)
BME,Blackrock Health Sciences Trust
BMI,Badger Meter Inc. Common Stock
BMN,BlackRock 2037 Municipal Target Term Trust Common Shares of Beneficial Interest
BMO,Bank Of Montreal Common Stock
BMR,Beamr Imaging Ltd. Ordinary Share
BMY,Bristol-Myers Squibb Company Common Stock
BNH,Brookfield Finance Inc. 4.625% Subordinated Notes due October 16 2080
BNJ,Brookfield Finance Inc. 4.50% Perpetual Subordinated Notes
BNL,Broadstone Net Lease Inc. Common Stock
BNR,Burning Rock Biotech Limited American Depositary Shares
BNS,Bank Nova Scotia Halifax Pfd 3 Ordinary Shares
BNT,Brookfield Wealth Solutions Ltd. Class A Exchangeable Limited Voting Shares
BNY,BlackRock New York Municipal Income Trust
BOC,Boston Omaha Corporation Class A Common Stock
BOE,Blackrock Enhanced Global Dividend Trust Common Shares of Beneficial Interest
BOF,BranchOut Food Inc. Common Stock
BOH,Bank of Hawaii Corporation Common Stock
BON,Bon Natural Life Limited Class A Ordinary Shares
BOW,Bowhead Specialty Holdings Inc. Common Stock
BOX,Box Inc. Class A Common Stock
BPT,BP Prudhoe Bay Royalty Trust Common Stock
BRC,Brady Corporation Common Stock
BRN,Barnwell Industries Inc. Common Stock
BRO,Brown & Brown Inc. Common Stock
BRT,BRT Apartments Corp. (MD) Common Stock
BRW,Saba Capital Income & Opportunities Fund SBI
BRX,Brixmor Property Group Inc. Common Stock
BRY,Berry Corporation (bry) Common Stock
BSL,Blackstone Senior Floating Rate 2027 Term Fund Common Shares of Beneficial Interest
BSM,Black Stone Minerals L.P. Common units representing limited partner interests
BST,BlackRock Science and Technology Trust Common Shares of Beneficial Interest
BSX,Boston Scientific Corporation Common Stock
BSY,Bentley Systems Incorporated Class B Common Stock
BTA,BlackRock Long-Term Municipal Advantage Trust Common Shares of Beneficial Interest
BTE,Baytex Energy Corp Common Shares
BTG,B2Gold Corp Common shares (Canada)
BTI,British American Tobacco  Industries p.l.c. Common Stock ADR
BTM,Bitcoin Depot Inc. Class A Common Stock
BTO,John Hancock Financial Opportunities Fund Common Stock
BTT,BlackRock Municipal 2030 Target Term Trust
BTU,Peabody Energy Corporation Common Stock 
BTX,BlackRock Technology and Private Equity Term Trust Common Shares of Beneficial Interest
BTZ,BlackRock Credit Allocation Income Trust
BUD,Anheuser-Busch Inbev SA Sponsored ADR (Belgium)
BUI,BlackRock Utility Infrastructure & Power Opportunities Trust
BUR,Burford Capital Limited Ordinary Shares
BVN,Buenaventura Mining Company Inc.
BVS,Bioventus Inc. Class A Common Stock
BWA,BorgWarner Inc. Common Stock
BWB,Bridgewater Bancshares Inc. Common Stock
BWG,BrandywineGLOBAL Global Income Opportunities Fund Inc.
BXC,Bluelinx Holdings Inc. Common Stock
BXP,BXP Inc. Common Stock
BYD,Boyd Gaming Corporation Common Stock
BYM,Blackrock Municipal Income Quality Trust Common Shares of Beneficial Interest
BZH,Beazer Homes USA Inc. Common Stock
CAC,Camden National Corporation Common Stock
CAE,CAE Inc. Ordinary Shares
CAF,Morgan Stanley China A Share Fund Inc. Common Stock
CAG,ConAgra Brands Inc. Common Stock
CAH,Cardinal Health Inc. Common Stock
CAL,Caleres Inc. Common Stock
CAN,Canaan Inc. American Depositary Shares
CAR,Avis Budget Group Inc. Common Stock
CAT,Caterpillar Inc. Common Stock
CBL,CBL & Associates Properties Inc. Common Stock
CBT,Cabot Corporation Common Stock
CBU,Community Financial System Inc. Common Stock
CBZ,CBIZ Inc. Common Stock
CCB,Coastal Financial Corporation Common Stock
CCD,Calamos Dynamic Convertible & Income Fund Common Stock
CCG,Cheche Group Inc. Class A Ordinary Shares
CCI,Crown Castle Inc. Common Stock
CCJ,Cameco Corporation Common Stock
CCK,Crown Holdings Inc.
CCL,Carnival Corporation Common Stock
CCM,Concord Medical Services Holdings Limited American Depositary Shares (Each represents thirty (30) Class A ordinary shares)
CCO,Clear Channel Outdoor Holdings Inc. Common Stock
CCS,Century Communities Inc. Common Stock
CCU,Compania Cervecerias Unidas S.A. Common Stock
CCZ,Comcast Holdings ZONES
CDE,Coeur Mining Inc. Common Stock
CDP,COPT Defense Properties Common Shares of Beneficial Interest
CDT,Conduit Pharmaceuticals Inc. Common Stock
CDW,CDW Corporation Common Stock
CEE,The Central and Eastern Europe Fund Inc. (The) Common Stock
CEG,Constellation Energy Corporation Common Stock 
CEP,Cantor Equity Partners Inc. Class A Ordinary Shares
CET,Central Securities Corporation Common Stock
CEV,Eaton Vance California Municipal Income Trust Shares of Beneficial Interest
CFG,Citizens Financial Group Inc. Common Stock
CFR,Cullen/Frost Bankers Inc. Common Stock
CGC,Canopy Growth Corporation Common Shares
CGO,Calamos Global Total Return Fund Common Stock
CHA,Chagee Holdings Limited American Depositary Shares
CHD,Church & Dwight Company Inc. Common Stock
CHE,Chemed Corp
CHH,Choice Hotels International Inc. Common Stock
CHI,Calamos Convertible Opportunities and Income Fund Common Stock
CHN,China Fund Inc. (The) Common Stock
CHR,Cheer Holding Inc. Class A Ordinary Share
CHT,Chunghwa Telecom Co. Ltd.
CHW,Calamos Global Dynamic Income Fund Common Stock
CHX,ChampionX Corporation Common Stock 
CHY,Calamos Convertible and High Income Fund Common Stock
CIA,Citizens Inc. Class A Common Stock ($1.00 Par)
CIB,Grupo Cibest S.A. American Depositary Shares each representing four Preferred Shares
CIF,MFS Intermediate High Income Fund Common Stock
CIG,Comp En De Mn Cemig ADS American Depositary Shares
CII,BlackRock Enhanced Large Cap Core Fund Inc. Common Stock
CIK,Credit Suisse Asset Management Income Fund Inc. Common Stock
CIM,Chimera Investment Corporation Common Stock
CIO,City Office REIT Inc. Common Stock
CIX,CompX International Inc. Common Stock
CKX,CKX Lands Inc. Common Stock
CLB,Core Laboratories Inc. Common Stock
CLF,Cleveland-Cliffs Inc. Common Stock
CLH,Clean Harbors Inc. Common Stock
CLM,Cornerstone Strategic Investment Fund Inc. Common Shares
CLS,Celestica Inc. Common Stock
CLW,Clearwater Paper Corporation Common Stock
CLX,Clorox Company (The) Common Stock
CMA,Comerica Incorporated Common Stock
CMC,Commercial Metals Company Common Stock
CME,CME Group Inc. Class A Common Stock
CMG,Chipotle Mexican Grill Inc. Common Stock
CMI,Cummins Inc. Common Stock
CMP,Compass Minerals Intl Inc Common Stock
CMS,CMS Energy Corporation Common Stock
CMT,Core Molding Technologies Inc Common Stock
CMU,MFS Municipal Income Trust Common Stock
CNA,CNA Financial Corporation Common Stock
CNC,Centene Corporation Common Stock
CNF,CNFinance Holdings Limited American Depositary Shares each representing  twenty (20) Ordinary Shares
CNH,CNH Industrial N.V. Common Shares
CNI,Canadian National Railway Company Common Stock
CNK,Cinemark Holdings Inc Cinemark Holdings Inc. Common Stock
CNL,Collective Mining Ltd. Common Shares
CNM,Core & Main Inc. Class A Common Stock
CNO,CNO Financial Group Inc. Common Stock
CNP,CenterPoint Energy Inc (Holding Co) Common Stock
CNQ,Canadian Natural Resources Limited Common Stock
CNR,Core Natural Resources Inc. Common Stock
CNS,Cohen & Steers Inc Common Stock
CNX,CNX Resources Corporation Common Stock
COE,51Talk Online Education Group American depositary shares each representing 60 Class A ordinary shares
COF,Capital One Financial Corporation Common Stock
CON,Concentra Group Holdings Parent Inc. Common Stock
COO,The Cooper Companies Inc. Common Stock
COP,ConocoPhillips Common Stock
COR,Cencora Inc. Common Stock
CPA,Copa Holdings S.A. Class A Common Stock
CPB,The Campbell's Company Common Stock
CPF,Central Pacific Financial Corp New
CPK,Chesapeake Utilities Corporation Common Stock
CPS,Cooper-Standard Holdings Inc. Common Stock
CPT,Camden Property Trust Common Stock
CPZ,Calamos Long/Short Equity & Dynamic Income Trust Common Stock
CQP,Cheniere Energy Partners LP Common Units
CRC,California Resources Corporation Common Stock
CRF,Cornerstone Total Return Fund Inc. (The) Common Stock
CRH,CRH PLC Ordinary Shares
CRI,Carter's Inc. Common Stock
CRK,Comstock Resources Inc. Common Stock
CRL,Charles River Laboratories International Inc. Common Stock
CRM,Salesforce Inc. Common Stock
CRS,Carpenter Technology Corporation Common Stock
CRT,Cross Timbers Royalty Trust Common Stock
CSL,Carlisle Companies Incorporated Common Stock
CSQ,Calamos Strategic Total Return Common Stock
CSR,D/B/A Centerspace Common Stock
CSV,Carriage Services Inc. Common Stock
CSX,CSX Corporation Common Stock
CTM,Castellum Inc. Common Stock
CTO,CTO Realty Growth Inc. Common Stock
CTS,CTS Corporation Common Stock
CUB,Lionheart Holdings Class A Ordinary Shares
CUE,Cue Biopharma Inc. Common Stock
CUK,Carnival Plc ADS ADS
CUZ,Cousins Properties Incorporated Common Stock
CVE,Cenovus Energy Inc Common Stock
CVI,CVR Energy Inc. Common Stock
CVM,Cel-Sci Corporation Common Stock
CVR,Chicago Rivet & Machine Co. Common Stock
CVS,CVS Health Corporation Common Stock
CVU,CPI Aerostructures Inc. Common Stock
CVV,CVD Equipment Corporation Common Stock
CVX,Chevron Corporation Common Stock
CWD,CaliberCos Inc. Class A Common Stock
CWH,Camping World Holdings Inc. Class A Common Stock
CWK,Cushman & Wakefield plc Ordinary Shares
CWT,California Water Service Group Common Stock
CXE,MFS High Income Municipal Trust Common Stock
CXH,MFS Investment Grade Municipal Trust Common Stock
CXM,Sprinklr Inc. Class A Common Stock
CXT,Crane NXT Co. Common Stock
CXW,CoreCivic Inc. Common Stock
CYD,China Yuchai International Limited Common Stock
CYH,Community Health Systems Inc. Common Stock
CYN,Cyngn Inc. Common Stock
CZR,Caesars Entertainment Inc. Common Stock
DAC,Danaos Corporation Common Stock
DAL,Delta Air Lines Inc. Common Stock
DAN,Dana Incorporated Common Stock 
DAO,Youdao Inc. American Depositary Shares each representing one Class A Ordinary Share
DAR,Darling Ingredients Inc. Common Stock
DAY,Dayforce Inc. Common Stock
DBD,Diebold Nixdorf Incorporated Common stock
DBI,Designer Brands Inc. Class A Common Stock
DBL,DoubleLine Opportunistic Credit Fund Common Shares of Beneficial Interest
DBX,Dropbox Inc. Class A Common Stock
DCI,Donaldson Company Inc. Common Stock
DCO,Ducommun Incorporated Common Stock
DDC,DDC Enterprise Limited Class A Ordinary Shares
DDD,3D Systems Corporation Common Stock
DDI,DoubleDown Interactive Co. Ltd. American Depository Shares
DDL,Dingdong (Cayman) Limited American Depositary Shares (each two representing three Ordinary Shares)
DDS,Dillard's Inc. Common Stock
DDT,Dillard's Capital Trust I
DEA,Easterly Government Properties Inc. Common Stock
DEC,Diversified Energy Company plc Ordinary Shares
DEI,Douglas Emmett Inc. Common Stock
DEO,Diageo plc Common Stock
DFH,Dream Finders Homes Inc. Class A Common Stock
DFP,Flaherty & Crumrine Dynamic Preferred and Income Fund Inc. Common Stock
DGX,Quest Diagnostics Incorporated Common Stock
DHC,Diversified Healthcare Trust Common Shares of Beneficial Interest
DHF,BNY Mellon High Yield Strategies Fund Common Stock
DHI,D.R. Horton Inc. Common Stock
DHR,Danaher Corporation Common Stock
DHT,DHT Holdings Inc.
DHX,DHI Group Inc. Common Stock
DHY,Credit Suisse High Yield Bond Fund Common Stock
DIN,Dine Brands Global Inc. Common Stock
DIS,Walt Disney Company (The) Common Stock
DIT,AMCON Distributing Company Common Stock
DJT,Trump Media & Technology Group Corp. Common Stock
DKL,Delek Logistics Partners L.P. Common Units representing Limited Partner Interests
DKS,Dick's Sporting Goods Inc Common Stock
DLB,Dolby Laboratories Common Stock
DLO,DLocal Limited Class A Common Shares
DLR,Digital Realty Trust Inc. Common Stock
DLX,Deluxe Corporation Common Stock
DLY,DoubleLine Yield Opportunities Fund Common Shares of Beneficial Interest
DMA,Destra Multi-Alternative Fund Common Stock
DMB,BNY Mellon Municipal Bond Infrastructure Fund Inc. Common Stock
DMF,BNY Mellon Municipal Income Inc. Common Stock
DMO,Western Asset Mortgage Opportunity Fund Inc. Common Stock
DNA,Ginkgo Bioworks Holdings Inc. Class A Common Stock
DNB,Dun & Bradstreet Holdings Inc. Common Stock
DNN,Denison Mines Corp Ordinary Shares (Canada)
DNP,DNP Select Income Fund Inc. Common Stock
DOC,Healthpeak Properties Inc. Common Stock
DOV,Dover Corporation Common Stock
DOW,Dow Inc. Common Stock 
DOX,Amdocs Limited Ordinary Shares
DPG,Duff & Phelps Utility and Infrastructure Fund Inc.
DPZ,Domino's Pizza Inc Common Stock
DRD,DRDGOLD Limited American Depositary Shares
DRH,Diamondrock Hospitality Company Common Stock
DRI,Darden Restaurants Inc. Common Stock
DRS,Leonardo DRS Inc. Common Stock
DSL,DoubleLine Income Solutions Fund Common Shares of Beneficial Interests
DSM,BNY Mellon Strategic Municipal Bond Fund Inc. Common Stock
DSP,Viant Technology Inc. Class A Common Stock
DSS,DSS Inc. Common Stock
DSU,Blackrock Debt Strategies Fund Inc. Common Stock
DSX,Diana Shipping inc. common stock
DSY,Big Tree Cloud Holdings Limited Ordinary Shares
DTB,DTE Energy Company 2020 Series G 4.375% Junior Subordinated Debentures due 2080
DTE,DTE Energy Company Common Stock
DTF,DTF Tax-Free Income 2028 Term Fund Inc. Common Stock
DTG,DTE Energy Company 2021 Series E 4.375% Junior Subordinated Debentures
DTI,Drilling Tools International Corporation Common Stock
DTM,DT Midstream Inc. Common Stock 
DTW,DTE Energy Company 2017 Series E 5.25% Junior Subordinated Debentures due 2077
DUK,Duke Energy Corporation (Holding Company) Common Stock
DUO,Fangdd Network Group Ltd. Class A Ordinary Shares
DVA,DaVita Inc. Common Stock
DVN,Devon Energy Corporation Common Stock
DVS,Dolly Varden Silver Corporation Common Shares
DXC,DXC Technology Company Common Stock 
DXF,Eason Technology Limited American Depositary Shares (each representing sixty-thousand (60000) Ordinary Shares)
DXR,Daxor Corporation Common Stock
DYN,Dyne Therapeutics Inc. Common Stock
EAD,Allspring Income Opportunities Fund Common Shares
EAF,GrafTech International Ltd. Common Stock
EAI,Entergy Arkansas LLC First Mortgage Bonds 4.875% Series Due September 1 2066
EAT,Brinker International Inc. Common Stock
EBC,Eastern Bankshares Inc. Common Stock
EBF,Ennis Inc. Common Stock
EBR,Centrais Electricas Brasileiras S A American Depositary Shares (Each representing one Common Share)
EBS,Emergent BioSolutions Inc. Common Stock
ECF,Ellsworth Growth and Income Fund Ltd.
ECG,Everus Construction Group Inc. Common Stock
ECL,Ecolab Inc. Common Stock
ECO,Okeanis Eco Tankers Corp. Common Stock
ECX,ECARX Holdings Inc. Class A Ordinary shares
EDD,Morgan Stanley Emerging Markets Domestic Debt Fund Inc. Common Stock
EDF,Virtus Stone Harbor Emerging Markets Income Fund Common Shares of Beneficial Interest
EDN,Empresa Distribuidora Y Comercializadora Norte S.A. (Edenor) American Depositary Shares
EDU,New Oriental Education & Technology Group Inc. Sponsored ADR representing 10 Ordinary Share (Cayman Islands)
EEA,The European Equity Fund Inc. Common Stock
EEX,Emerald Holding Inc. Common Stock
EFC,Ellington Financial Inc. Common Stock 
EFR,Eaton Vance Senior Floating-Rate Fund Common Shares of Beneficial Interest
EFT,Eaton Vance Floating Rate Income Trust Common Shares of Beneficial Interest
EFX,Equifax Inc. Common Stock
EGO,Eldorado Gold Corporation Ordinary Shares
EGP,EastGroup Properties Inc. Common Stock
EGY,VAALCO Energy Inc.  Common Stock
EHC,Encompass Health Corporation Common Stock
EHI,Western Asset Global High Income Fund Inc Common Stock
EIC,Eagle Point Income Company Inc. Common Stock
EIG,Employers Holdings Inc Common Stock
EIM,Eaton Vance Municipal Bond Fund Common Shares of Beneficial Interest $.01 par value
EIX,Edison International Common Stock
EJH,E-Home Household Service Holdings Limited Ordinary Shares
ELA,Envela Corporation Common Stock
ELC,Entergy Louisiana Inc. Collateral Trust Mortgage Bonds 4.875 % Series due September 1 2066
ELF,e.l.f. Beauty Inc. Common Stock
ELP,Companhia Paranaense de Energia (COPEL) American Depositary Shares (each representing one Unit consisting one Common Share and four non-voting Class B Preferred Shares)
ELS,Equity Lifestyle Properties Inc. Common Stock
ELV,Elevance Health Inc. Common Stock
EMD,Western Asset Emerging Markets Debt Fund Inc Common Stock
EME,EMCOR Group Inc. Common Stock
EMF,Templeton Emerging Markets Fund Common Stock
EML,Eastern Company (The) Common Stock
EMN,Eastman Chemical Company Common Stock
EMO,ClearBridge Energy Midstream Opportunity Fund Inc. Common Stock
EMP,Entergy Mississippi LLC First Mortgage Bonds 4.90% Series Due October 1 2066
EMR,Emerson Electric Company Common Stock
EMX,EMX Royalty Corporation Common Shares (Canada)
ENB,Enbridge Inc Common Stock
ENJ,Entergy New Orleans LLC First Mortgage Bonds 5.0% Series due December 1 2052
ENO,Entergy New Orleans LLC First Mortgage Bonds 5.50% Series due April 1 2066
ENR,Energizer Holdings Inc. Common Stock
ENS,EnerSys Common Stock
ENX,Eaton Vance New York Municipal Bond Fund Common Shares of Beneficial Interest $.01 par value
EOD,Allspring Global Dividend Opportunity Fund Common Shares of Beneficial Interest
EOG,EOG Resources Inc. Common Stock
EOI,Eaton Vance Enhance Equity Income Fund Eaton Vance Enhanced Equity Income Fund Shares of Beneficial Interest
EOS,Eaton Vance Enhance Equity Income Fund II Common Stock
EOT,Eaton Vance Municipal Income Trust EATON VANCE NATIONAL MUNICIPAL OPPORTUNITIES TRUST
EPC,Edgewell Personal Care Company Common Stock
EPD,Enterprise Products Partners L.P. Common Stock
EPM,Evolution Petroleum Corporation Inc. Common Stock
EPR,EPR Properties Common Stock
EQH,Equitable Holdings Inc. Common Stock
EQR,Equity Residential Common Shares of Beneficial Interest
EQS,Equus Total Return Inc. Common Stock
EQT,EQT Corporation Common Stock
EQV,EQV Ventures Acquisition Corp. Class A Ordinary Shares
EQX,Equinox Gold Corp. Common Shares
ERC,Allspring Multi-Sector Income Fund Common Stock
ERH,Allspring Utilities and High Income Fund Common Shares
ERJ,Embraer S.A. Common Stock
ERO,Ero Copper Corp. Common Shares
ESE,ESCO Technologies Inc. Common Stock
ESI,Element Solutions Inc. Common Stock
ESP,Espey Mfg. & Electronics Corp. Common Stock
ESQ,Esquire Financial Holdings Inc. Common Stock
ESS,Essex Property Trust Inc. Common Stock
ETB,Eaton Vance Tax-Managed Buy-Write Income Fund Eaton Vance Tax-Managed Buy-Write Income Fund Common Shares of Beneficial Interest
ETD,Ethan Allen Interiors Inc. Common Stock
ETG,Eaton Vance Tax-Advantaged Global Dividend Income Fund Common Shares of Beneficial Interest
ETJ,Eaton Vance Risk-Managed Diversified Equity Income Fund Common Shares of Beneficial Interest
ETN,Eaton Corporation PLC Ordinary Shares
ETO,Eaton Vance Tax-Advantage Global Dividend Opp Common Stock
ETR,Entergy Corporation Common Stock
ETV,Eaton Vance Corporation Eaton Vance Tax-Managed Buy-Write Opportunities Fund Common Shares of Beneficial Interest
ETW,Eaton Vance Corporation Eaton Vance Tax-Managed Global Buy-Write Opportunites Fund Common Shares of Beneficial Interest
ETY,Eaton Vance Tax-Managed Diversified Equity Income Fund Common Shares of Beneficial Interest
EVC,Entravision Communications Corporation Common Stock
EVF,Eaton Vance Senior Income Trust Common Stock
EVG,Eaton Vance Short Diversified Income Fund Eaton Vance Short Duration Diversified Income Fund Common Shares of Beneficial Interest
EVH,Evolent Health Inc Class A Common Stock
EVI,EVI Industries Inc.  Common Stock
EVM,Eaton Vance California Municipal Bond Fund Common Shares of Beneficial Interest $.01 par value
EVN,Eaton Vance Municipal Income Trust Common Stock
EVO,Evotec SE American Depositary Shares
EVR,Evercore Inc. Class A Common Stock
EVT,Eaton Vance Tax Advantaged Dividend Income Fund Common Shares of Beneficial Interest
EVV,Eaton Vance Limited Duration Income Fund Common Shares of Beneficial Interest
EXC,Exelon Corporation Common Stock
EXE,Expand Energy Corporation Common Stock
EXG,Eaton Vance Tax-Managed Global Diversified Equity Income Fund Common Shares of Beneficial Interest
EXK,Endeavour Silver Corporation Ordinary Shares (Canada)
EXP,Eagle Materials Inc Common Stock
EXR,Extra Space Storage Inc Common Stock
EYE,National Vision Holdings Inc. Common Stock
FAF,First American Corporation (New) Common Stock
FAT,FAT Brands Inc. Class A Common Stock
FAX,abrdn Asia-Pacific Income Fund Inc. Common Stock
FBK,FB Financial Corporation Common Stock
FBP,First BanCorp. New Common Stock
FCF,First Commonwealth Financial Corporation Common Stock
FCN,FTI Consulting Inc. Common Stock
FCO,abrdn Global Income Fund Inc. Common Stock
FCT,First Trust Senior Floating Rate Income Fund II Common Shares of Beneficial Interest
FCX,Freeport-McMoRan Inc. Common Stock
FDP,Fresh Del Monte Produce Inc. Common Stock
FDS,FactSet Research Systems Inc. Common Stock
FDX,FedEx Corporation Common Stock
FER,Ferrovial SE Ordinary Shares
FET,Forum Energy Technologies Inc. Common Stock
FFA,First Trust Enhanced Equity Income Fund
FFC,Flaherty & Crumrine Preferred and Income Securities Fund Incorporated
FGB,First Trust Specialty Finance and Financial Opportunities Fund
FGF,Fundamental Global Inc. Common Stock 
FGI,FGI Industries Ltd. Ordinary Shares
FGL,Founder Group Limited Ordinary Shares
FGN,F&G Annuities & Life Inc. 7.950% Senior Notes due 2053
FHB,First Hawaiian Inc. Common Stock
FHI,Federated Hermes Inc. Common Stock
FHN,First Horizon Corporation Common Stock
FIP,FTAI Infrastructure Inc. Common Stock 
FIS,Fidelity National Information Services Inc. Common Stock
FIX,Comfort Systems USA Inc. Common Stock
FLC,Flaherty & Crumrine Total Return Fund Inc Common Stock
FLD,Fold Holdings Inc. Class A Common Stock
FLG,Flagstar Financial Inc. Common Stock
FLL,Full House Resorts Inc. Common Stock
FLO,Flowers Foods Inc. Common Stock
FLR,Fluor Corporation Common Stock
FLS,Flowserve Corporation Common Stock
FLX,BingEx Limited American Depositary Shares
FMC,FMC Corporation Common Stock
FMN,Federated Hermes Premier Municipal Income Fund
FMS,Fresenius Medical Care AG American Depositary Shares (Each representing 1/2 of an Ordinary Share)
FMX,Fomento Economico Mexicano S.A.B. de C.V. Common Stock
FMY,First Trust Motgage Income Fund Common Shares of Beneficial Interest
FNB,F.N.B. Corporation Common Stock
FND,Floor & Decor Holdings Inc. Common Stock
FNF,FNF Group of Fidelity National Financial Inc. Common Stock
FNV,Franco-Nevada Corporation
FOA,Finance of America Companies Inc. Class A Common Stock
FOF,Cohen & Steers Closed-End Opportunity Fund Inc. Common Stock
FOR,Forestar Group Inc Common Stock 
FOX,Fox Corporation Class B Common Stock
FPF,First Trust Intermediate Duration Preferred & Income Fund Common Shares of Beneficial Interest
FPH,Five Point Holdings LLC Class A Common Shares
FPI,Farmland Partners Inc. Common Stock
FRA,Blackrock Floating Rate Income Strategies Fund Inc  Common Stock
FRD,Friedman Industries Inc. Common Stock
FRO,Frontline Plc Ordinary Shares
FRT,Federal Realty Investment Trust Common Stock
FSI,Flexible Solutions International Inc. Common Stock (CDA)
FSK,FS KKR Capital Corp. Common Stock
FSM,Fortuna Mining Corp. Common Shares
FSP,Franklin Street Properties Corp. Common Stock
FSS,Federal Signal Corporation Common Stock
FSV,FirstService Corporation Common Shares
FTF,Franklin Limited Duration Income Trust Common Shares of Beneficial Interest
FTI,TechnipFMC plc Ordinary Share
FTK,Flotek Industries Inc. Common Stock
FTS,Fortis Inc. Common Shares
FTV,Fortive Corporation Common Stock 
FUL,H. B. Fuller Company Common Stock
FUN,Six Flags Entertainment Corporation Common Stock New
FVN,Future Vision II Acquisition Corporation Ordinary shares
FVR,FrontView REIT Inc. Common Stock
GAB,Gabelli Equity Trust Inc. (The) Common Stock
GAM,General American Investors Inc. Common Stock
GAN,GAN Limited Ordinary Shares
GAP,Gap Inc. (The) Common Stock
GAU,Galiano Gold Inc.
GBR,New Concept Energy Inc Common Stock
GBX,Greenbrier Companies Inc. (The) Common Stock
GCI,Gannett Co. Inc. Common Stock
GCL,GCL Global Holdings Ltd Ordinary Shares
GCO,Genesco Inc. Common Stock
GCT,GigaCloud Technology Inc Class A Ordinary Shares
GCV,Gabelli Convertible and Income Securities Fund Inc. (The) Common Stock
GDC,GD Culture Group Limited Common Stock
GDL,GDL Fund The Common Shares of Beneficial Interest
GDO,Western Asset Global Corporate Opportunity Fund Inc. Common Stock
GDS,GDS Holdings Limited ADS
GDV,Gabelli Dividend & Income Trust Common Shares of Beneficial Interest
GEF,Greif Inc. Class A Common Stock
GEG,Great Elm Group Inc. Common Stock
GEL,Genesis Energy L.P. Common Units
GEN,Gen Digital Inc. Common Stock
GEO,Geo Group Inc (The) REIT
GES,Guess? Inc. Common Stock
GEV,GE Vernova Inc. Common Stock
GFF,Griffon Corporation Common Stock
GFI,Gold Fields Limited American Depositary Shares
GFL,GFL Environmental Inc. Subordinate voting shares no par value
GFR,Greenfire Resources Ltd. Common Shares
GFS,GlobalFoundries Inc. Ordinary Shares
GGB,Gerdau S.A. Common Stock
GGG,Graco Inc. Common Stock
GGN,GAMCO Global Gold Natural Resources & Income Trust
GGR,Gogoro Inc. Ordinary Shares
GGT,Gabelli Multi-Media Trust Inc. (The) Common Stock
GGZ,Gabelli Global Small and Mid Cap Value Trust (The) Common Shares of Beneficial Interest
GHC,Graham Holdings Company Common Stock
GHG,GreenTree Hospitality Group Ltd. American depositary shares each representing one Class A ordinary share
GHI,Greystone Housing Impact Investors LP Beneficial Unit Certificates representing assignments of limited partnership interests
GHM,Graham Corporation Common Stock
GHY,PGIM Global High Yield Fund Inc.
GIB,CGI Inc. Common Stock
GIC,Global Industrial Company Common Stock
GIG,GigCapital7 Corp. Class A Ordinary Share
GIL,Gildan Activewear Inc. Class A Sub. Vot. Common Stock
GIS,General Mills Inc. Common Stock
GJH,Synthetic Fixed-Income Securities Inc 6.375% (STRATS) Cl A-1
GJO,Synthetic Fixed-Income Securities Inc. on behalf of STRATS(SM) Trust for Wal-Mart Stores Inc. Securities Series 2004-5
GJP,Synthetic Fixed-Income Securities Inc. on behalf of STRATS (SM) Trust for Dominion Resources Inc. Securities Series 2005-6 Floating Rate Structured Repackaged Asset-Backed Trust Securities (STRATS) Certificates
GJR,Synthetic Fixed-Income Securities Inc. STRATS Trust for Procter&Gamble Securities Series 2006-1
GJS,Goldman Sachs Group Securities STRATS Trust for Goldman Sachs Group Securities Series 2006-2
GJT,Synthetic Fixed-Income Securities Inc. Floating Rate Structured Repackaged Asset-Backed Trust Securities Certificates Series 2006-3
GLE,Global Engine Group Holding Limited Class A Ordinary Shares
GLO,Clough Global Opportunities Fund Common Stock
GLP,Global Partners LP Common Units representing Limited Partner Interests
GLQ,Clough Global Equity Fund Clough Global Equity Fund Common Shares of Beneficial Interest
GLU,Gabelli Global Utility Common Shares of Beneficial Ownership
GLV,Clough Global Dividend and Income Fund Common Shares of beneficial interest
GLW,Corning Incorporated Common Stock
GME,GameStop Corporation Common Stock
GMM,Global Mofy AI Limited Class A Ordinary Shares
GMS,GMS Inc. Common Stock
GNE,Genie Energy Ltd. Class B Common Stock Stock
GNK,Genco Shipping & Trading Limited Ordinary Shares New (Marshall Islands)
GNL,Global Net Lease Inc. Common Stock
GNS,Genius Group Limited Ordinary Shares
GNT,GAMCO Natural Resources Gold & Income Trust
GNW,Genworth Financial Inc Common Stock
GOF,Guggenheim Strategic Opportunities Fund Common Shares of Beneficial Interest
GPC,Genuine Parts Company Common Stock
GPI,Group 1 Automotive Inc. Common Stock
GPK,Graphic Packaging Holding Company
GPN,Global Payments Inc. Common Stock
GRC,Gorman-Rupp Company (The) Common Stock
GRF,Eagle Capital Growth Fund Inc. Common Stock
GRI,GRI Bio Inc. Common Stock
GRO,Brazil Potash Corp. Common Shares
GRX,The Gabelli Healthcare & Wellness Trust Common Shares of Beneficial Interest
GSK,GSK plc American Depositary Shares (Each representing two Ordinary Shares)
GSL,Global Ship Lease Inc New Class A Common Shares
GSM,Ferroglobe PLC Ordinary Shares
GTE,Gran Tierra Energy Inc. Common Stock
GTI,Graphjet Technology Class A Ordinary Shares
GTM,ZoomInfo Technologies Inc Common Stock
GTN,Gray Media Inc. Common Stock
GTX,Garrett Motion Inc. Common Stock
GTY,Getty Realty Corporation Common Stock
GUG,Guggenheim Active Allocation Fund Common Shares of Beneficial Interest
GUT,Gabelli Utility Trust (The) Common Stock
GVA,Granite Construction Incorporated Common Stock
GVH,Globavend Holdings Limited Ordinary Shares
GWH,ESS Tech Inc. Common Stock
GWW,W.W. Grainger Inc. Common Stock
GXO,GXO Logistics Inc. Common Stock 
HAE,Haemonetics Corporation Common Stock
HAL,Halliburton Company Common Stock
HAO,Haoxi Health Technology Limited Class A Ordinary Shares
HAS,Hasbro Inc. Common Stock
HBB,Hamilton Beach Brands Holding Company Class A Common Stock 
HBI,Hanesbrands Inc. Common Stock
HBM,Hudbay Minerals Inc. Ordinary Shares (Canada)
HBT,HBT Financial Inc. Common Stock
HCA,HCA Healthcare Inc. Common Stock
HCC,Warrior Met Coal Inc. Common Stock
HCI,HCI Group Inc. Common Stock
HCM,HUTCHMED (China) Limited American Depositary Shares
HDB,HDFC Bank Limited Common Stock
HDL,SUPER HI INTERNATIONAL HOLDING LTD. American Depositary Shares
HEI,Heico Corporation Common Stock
HEQ,John Hancock Diversified Income Fund Common Shares of Beneficial Interest
HES,Hess Corporation Common Stock
HGV,Hilton Grand Vacations Inc. Common Stock 
HHH,Howard Hughes Holdings Inc. Common Stock
HHS,Harte Hanks Inc. Common Stock
HIG,The Hartford Insurance Group Inc. Common Stock
HII,Huntington Ingalls Industries Inc. Common Stock
HIO,Western Asset High Income Opportunity Fund Inc. Common Stock
HIT,Health In Tech Inc. Class A Common Stock
HIW,Highwoods Properties Inc. Common Stock
HIX,Western Asset High Income Fund II Inc. Common Stock
HKD,AMTD Digital Inc. American Depositary Shares (every five of which represent two Class A Ordinary Shares)
HLF,Herbalife Ltd. Common Shares
HLI,Houlihan Lokey Inc. Class A Common Stock
HLN,Haleon plc American Depositary Shares (Each representing two Ordinary Shares)
HLP,Hongli Group Inc. Ordinary Shares
HLT,Hilton Worldwide Holdings Inc. Common Stock 
HLX,Helix Energy Solutions Group Inc. Common Stock
HMC,Honda Motor Company Ltd. Common Stock
HMN,Horace Mann Educators Corporation Common Stock
HMR,Heidmar Maritime Holdings Corp. Common Stock
HMY,Harmony Gold Mining Company Limited
HNI,HNI Corporation Common Stock
HNW,Pioneer Diversified High Income Fund Inc.
HOG,Harley-Davidson Inc. Common Stock
HON,Honeywell International Inc. Common Stock
HOV,Hovnanian Enterprises Inc. Class A Common Stock
HPE,Hewlett Packard Enterprise Company Common Stock
HPF,John Hancock Pfd Income Fund II Pfd Income Fund II
HPI,John Hancock Preferred Income Fund Common Shares of Beneficial Interest
HPK,HighPeak Energy Inc. Common Stock
HPP,Hudson Pacific Properties Inc. Common Stock
HPQ,HP Inc. Common Stock
HPS,John Hancock Preferred Income Fund III Preferred Income Fund III
HQH,abrdn Healthcare Investors Shares of Beneficial Interest
HQI,HireQuest Inc. Common Stock (DE)
HQL,abrdn Life Sciences Investors Shares of Beneficial Interest
HQY,HealthEquity Inc. Common Stock
HRB,H&R Block Inc. Common Stock
HRI,Herc Holdings Inc. Common Stock 
HRL,Hormel Foods Corporation Common Stock
HST,Host Hotels & Resorts Inc. Common Stock
HSY,The Hershey Company Common Stock
HTB,HomeTrust Bancshares Inc. Common Stock
HTD,John Hancock Tax Advantaged Dividend Income Fund Common Shares of Beneficial Interest
HTH,Hilltop Holdings Inc.
HTO,H2O America Common Stock
HTZ,Hertz Global Holdings Inc Common Stock
HUM,Humana Inc. Common Stock
HUN,Huntsman Corporation Common Stock
HUT,Hut 8 Corp. Common Stock
HVT,Haverty Furniture Companies Inc. Common Stock
HWC,Hancock Whitney Corporation Common Stock
HWH,HWH International Inc. Common Stock
HWM,Howmet Aerospace Inc. Common Stock
HXL,Hexcel Corporation Common Stock
HYI,Western Asset High Yield Defined Opportunity Fund Inc. Common Stock
HYT,Blackrock Corporate High Yield Fund Inc. Common Stock
HZO,MarineMax Inc.  (FL) Common Stock
IAC,IAC Inc. Common Stock
IAE,Voya Asia Pacific High Dividend Equity Income Fund ING Asia Pacific High Dividend Equity Income Fund Common Shares of Beneficial Interest
IAF,abrdn Australia Equity Fund Inc. Common Stock
IAG,Iamgold Corporation Ordinary Shares
IAS,Integral Ad Science Holding Corp. Common Stock
IBG,Innovation Beverage Group Limited Ordinary Shares
IBM,International Business Machines Corporation Common Stock
IBN,ICICI Bank Limited Common Stock
IBO,Impact BioMedical Inc. Common Stock
IBP,Installed Building Products Inc. Common Stock
ICE,Intercontinental Exchange Inc. Common Stock
ICG,Intchains Group Limited American Depositary Shares
ICL,ICL Group Ltd. Ordinary Shares
ICU,SeaStar Medical Holding Corporation Common Stock
IDA,IDACORP Inc. Common Stock
IDE,Voya Infrastructure Industrials and Materials Fund Common Shares of Beneficial Interest
IDN,Intellicheck Inc. Common Stock
IDR,Idaho Strategic Resources Inc. Common Stock
IDT,IDT Corporation Class B Common Stock
IEP,Icahn Enterprises L.P. Common Stock
IEX,IDEX Corporation Common Stock
IFF,International Flavors & Fragrances Inc. Common Stock
IFN,India Fund Inc. (The) Common Stock
IFS,Intercorp Financial Services Inc. Common Shares
IGA,Voya Global Advantage and Premium Opportunity Fund Common Shares of Beneficial Interest
IGC,IGC Pharma Inc. Common Stock
IGD,Voya Global Equity Dividend and Premium Opportunity Fund
IGI,Western Asset Investment Grade Opportunity Trust Inc. Common Stock
IGR,CBRE Global Real Estate Income Fund Common Shares of Beneficial Interest
IGT,International Game Technology Ordinary Shares
IHD,Voya Emerging Markets High Income Dividend Equity Fund Common Shares
IHG,Intercontinental Hotels Group American Depositary Shares (Each representing one Ordinary Share)
IHS,IHS Holding Limited Ordinary Shares
IHT,InnSuites Hospitality Trust Shares of Beneficial Interest
IIF,Morgan Stanley India Investment Fund Inc. Common Stock
III,Information Services Group Inc. Common Stock
IIM,Invesco Value Municipal Income Trust Common Stock
IKT,Inhibikase Therapeutics Inc. Common Stock
IMG,CIMG Inc. Common Stock
IMO,Imperial Oil Limited Common Stock
ING,ING Group N.V. Common Stock
INM,InMed Pharmaceuticals Inc. Common Shares
INN,Summit Hotel Properties Inc. Common Stock
INO,Inovio Pharmaceuticals Inc. Common Stock
INR,Infinity Natural Resources Inc. Class A Common Stock
INV,Innventure Inc. Common Stock
IOR,Income Opportunity Realty Investors Inc. Common Stock
IOT,Samsara Inc. Class A Common Stock
IPA,ImmunoPrecise Antibodies Ltd. Common Stock
IPG,Interpublic Group of Companies Inc. (The) Common Stock
IPI,Intrepid Potash Inc Common Stock
IPM,Intelligent Protection Management Corp. Common Stock 
IPW,iPower Inc. Common Stock
IPX,IperionX Limited American Depositary Share
IQI,Invesco Quality Municipal Income Trust Common Stock
IQV,IQVIA Holdings Inc. Common Stock
IRD,Opus Genetics Inc. Common Stock
IRM,Iron Mountain Incorporated (Delaware)Common Stock REIT
IRS,IRSA Inversiones Y Representaciones S.A. Global Depositary Shares (Each representing ten shares of Common Stock)
IRT,Independence Realty Trust Inc. Common Stock
ISD,PGIM High Yield Bond Fund Inc.
ITP,IT Tech Packaging Inc. Common Stock
ITT,ITT Inc. Common Stock 
ITW,Illinois Tool Works Inc. Common Stock
IVA,Inventiva S.A. American Depository Shares
IVF,INVO Fertility Inc. Common Stock
IVP,Inspire Veterinary Partners Inc. Class A Common Stock
IVR,INVESCO MORTGAGE CAPITAL INC Common Stock
IVT,InvenTrust Properties Corp. Common Stock
IVZ,Invesco Ltd Common Stock
IZM,ICZOOM Group Inc. Class A Ordinary Shares
JBI,Janus International Group Inc. Common Stock
JBL,Jabil Inc. Common Stock
JCE,Nuveen Core Equity Alpha Fund Common Shares of Beneficial Interest
JCI,Johnson Controls International plc Ordinary Share
JEF,Jefferies Financial Group Inc. Common Stock
JEQ,abrdn Japan Equity Fund Inc. Common Stock
JFB,JFB Construction Holdings Class A Common Stock
JFR,Nuveen Floating Rate Income Fund Common Stock
JFU,9F Inc. American Depositary Shares
JGH,Nuveen Global High Income Fund Common Shares of Beneficial Interest
JHG,Janus Henderson Group plc Ordinary Shares
JHI,John Hancock Investors Trust Common Stock
JHS,John Hancock Income Securities Trust Common Stock
JHX,James Hardie Industries plc American Depositary Shares (Ireland)
JKS,JinkoSolar Holding Company Limited American Depositary Shares (each representing 4 Common Shares)
JLL,Jones Lang LaSalle Incorporated Common Stock
JLS,Nuveen Mortgage and Income Fund
JMM,Nuveen Multi-Market Income Fund (MA)
JNJ,Johnson & Johnson Common Stock
JOB,GEE Group Inc. Common Stock
JOE,St. Joe Company (The) Common Stock
JOF,Japan Smaller Capitalization Fund Inc Common Stock
JPC,Nuveen Preferred & Income Opportunities Fund
JPI,Nuveen Preferred Securities & Income Opportunities Fund Common Shares
JPM,JP Morgan Chase & Co. Common Stock
JQC,Nuveen Credit Strategies Income Fund Shares of Beneficial Interest
JRI,Nuveen Real Asset Income and Growth Fund Common Shares of Beneficial Interest
JRS,Nuveen Real Estate Income Fund Common Shares of Beneficial Interest
JSM,Navient Corporation 6% Senior Notes due December 15 2043
JVA,Coffee Holding Co. Inc. Common Stock
JWN,Nordstrom Inc. Common Stock
JXG,JX Luxventure Group Inc. Common Stock
JXN,Jackson Financial Inc. Class A Common Stock 
JYD,Jayud Global Logistics Limited Class A Ordinary Shares
KAI,Kadant Inc Common Stock
KAR,OPENLANE Inc. Common Stock
KBH,KB Home Common Stock
KBR,KBR Inc. Common Stock
KDP,Keurig Dr Pepper Inc. Common Stock
KEN,Kenon Holdings Ltd. Ordinary Shares
KEP,Korea Electric Power Corporation Common Stock
KEX,Kirby Corporation Common Stock
KEY,KeyCorp Common Stock
KFS,Kingsway Financial Services Inc. Common Stock (DE)
KFY,Korn Ferry Common Stock
KGC,Kinross Gold Corporation Common Stock
KGS,Kodiak Gas Services Inc. Common Stock
KHC,The Kraft Heinz Company Common Stock
KIM,Kimco Realty Corporation (HC) Common Stock
KIO,KKR Income Opportunities Fund Common Shares
KKR,KKR & Co. Inc. Common Stock
KLC,KinderCare Learning Companies Inc. Common Stock
KLG,WK Kellogg Co Common Stock
KMB,Kimberly-Clark Corporation Common Stock
KMI,Kinder Morgan Inc. Common Stock
KMT,Kennametal Inc. Common Stock
KMX,CarMax Inc
KNF,Knife Riv Holding Co. Common Stock
KNW,Know Labs Inc. Common Stock
KNX,Knight-Swift Transportation Holdings Inc.
KOD,Kodiak Sciences Inc Common Stock
KOF,Coca Cola Femsa S.A.B. de C.V.  American Depositary Shares each representing 10 Units (each Unit consists of 3 Series B Shares and 5 Series L Shares)
KOP,Koppers Holdings Inc. Common Stock
KOS,Kosmos Energy Ltd. Common Shares (DE)
KRC,Kilroy Realty Corporation Common Stock
KRG,Kite Realty Group Trust Common Stock
KRO,Kronos Worldwide Inc Common Stock
KRP,Kimbell Royalty Partners Common Units Representing Limited Partner Interests
KRT,Karat Packaging Inc. Common Stock
KSS,Kohl's Corporation Common Stock
KTB,Kontoor Brands Inc. Common Stock 
KTF,DWS Municipal Income Trust
KTH,Structures Products Cp 8% CorTS Issued by Peco Energy Cap Tr II Preferred Stock
KTN,Structured Products Corp 8.205% CorTS 8.205% Corporate Backed Trust Securities (CorTS)
KWE,KWESST Micro Systems Inc. Common Stock
KWM,K Wave Media Ltd. Ordinary Shares
KWR,Quaker Houghton Common Stock
KYN,Kayne Anderson Energy Infrastructure Fund Inc.
KZR,Kezar Life Sciences Inc. Common Stock
LAB,Standard BioTools Inc. Common Stock
LAC,Lithium Americas Corp. Common Shares
LAD,Lithia Motors Inc. Common Stock
LAR,Lithium Argentina AG Common Shares
LAW,CS Disco Inc. Common Stock
LAZ,Lazard Inc. Common Stock
LDI,loanDepot Inc. Class A Common Stock
LDP,Cohen & Steers Limited Duration Preferred and Income Fund Inc.
LEA,Lear Corporation Common Stock
LEE,Lee Enterprises Incorporated Common Stock
LEG,Leggett & Platt Incorporated Common Stock
LEN,Lennar Corporation Class A Common Stock
LEO,BNY Mellon Strategic Municipals Inc. Common Stock
LEU,Centrus Energy Corp. Class A Common Stock
LFT,Lument Finance Trust Inc. Common Stock
LGI,Lazard Global Total Return and Income Fund Common Stock
LGL,LGL Group Inc. (The) Common Stock
LGO,Largo Inc. Common Shares
LHX,L3Harris Technologies Inc. Common Stock
LIF,Life360 Inc. Common Stock
LII,Lennox International Inc. Common Stock
LIN,Linde plc Ordinary Shares
LKQ,LKQ Corporation Common Stock
LLY,Eli Lilly and Company Common Stock
LMB,Limbach Holdings Inc. Common Stock
LMT,Lockheed Martin Corporation Common Stock
LNC,Lincoln National Corporation Common Stock
LND,Brasilagro Brazilian Agric Real Estate Co Sponsored ADR (Brazil)
LNG,Cheniere Energy Inc. Common Stock
LNN,Lindsay Corporation Common Stock
LNT,Alliant Energy Corporation Common Stock
LNW,Light & Wonder Inc. Common Stock
LOB,Live Oak Bancshares Inc. Common Stock
LOT,Lotus Technology Inc. American Depositary Shares
LOW,Lowe's Companies Inc. Common Stock
LPA,Logistic Properties of the Americas Ordinary Shares
LPG,Dorian LPG Ltd. Common Stock
LPL,LG Display Co Ltd AMERICAN DEPOSITORY SHARES
LPX,Louisiana-Pacific Corporation Common Stock
LRE,Lead Real Estate Co. Ltd American Depositary Shares
LRN,Stride Inc. Common Stock
LSB,LakeShore Biopharma Co. Ltd Ordinary Shares
LSE,Leishen Energy Holding Co. Ltd. Ordinary Shares
LSF,Laird Superfood Inc. Common Stock
LSH,Lakeside Holding Limited Common Stock
LTC,LTC Properties Inc. Common Stock
LTH,Life Time Group Holdings Inc. Common Stock
LTM,LATAM Airlines Group S.A. American Depositary Shares (each representing two thousand (2000) shares of Common Stock)
LUD,Luda Technology Group Limited Ordinary Shares
LUV,Southwest Airlines Company Common Stock
LVO,LiveOne Inc. Common Stock
